INSERT INTO colegio (nombre) VALUES ('INE')
INSERT INTO colegio (nombre) VALUES ('ABC')
INSERT INTO colegio (nombre) VALUES ('DFE')
INSERT INTO colegio (nombre) VALUES ('GHI')
INSERT INTO colegio (nombre) VALUES ('JKL')
INSERT INTO colegio (nombre) VALUES ('INE6')
INSERT INTO colegio (nombre) VALUES ('INE7')
INSERT INTO colegio (nombre) VALUES ('INE8')
INSERT INTO colegio (nombre) VALUES ('INE9')
INSERT INTO colegio (nombre) VALUES ('INE10')
INSERT INTO colegio (nombre) VALUES ('INE6')




INSERT INTO mesa (id, votos_nulos, votos_vacios, colegio_id) VALUES ('A', 0, 0, 1)
INSERT INTO mesa (id, votos_nulos, votos_vacios, colegio_id) VALUES ('B', 0, 0, 2)
INSERT INTO mesa (id, votos_nulos, votos_vacios, colegio_id) VALUES ('C', 0, 0, 3)
INSERT INTO mesa (id, votos_nulos, votos_vacios, colegio_id) VALUES ('D', 0, 0, 4)
INSERT INTO mesa (id, votos_nulos, votos_vacios, colegio_id) VALUES ('E', 0, 0, 5)


INSERT INTO votante (id,nombre,direccion,fecha_nacimiento,tipo_id,nacionalidad_mexicana,fecha_inicio,fecha_fin,mesa_id) VALUES ('LCD43MWH0TL1YZ','Jared Kemp','727-6124 Ut Street','1979-03-26','I',False,'2020-07-01','2020-07-02 ','D')
INSERT INTO votante (id,nombre,direccion,fecha_nacimiento,tipo_id,nacionalidad_mexicana,fecha_inicio,fecha_fin,mesa_id) VALUES ('XCH93MXB6NQ7VH','Malcolm Hart','P.O. Box 256, 8935 Ad St.','1999-04-17','I',False,'2020-07-01','2020-07-02 ','C')
INSERT INTO votante (id,nombre,direccion,fecha_nacimiento,tipo_id,nacionalidad_mexicana,fecha_inicio,fecha_fin,mesa_id) VALUES ('MEG46OEA4UN9HF','Macaulay Green','P.O. Box 700, 5267 Praesent Avenue','1978-11-03','P',False,'2020-07-01','2020-07-02 ','D')
INSERT INTO votante (id,nombre,direccion,fecha_nacimiento,tipo_id,nacionalidad_mexicana,fecha_inicio,fecha_fin,mesa_id) VALUES ('NRI78FZG5YN0HR','Megan West','660-7926 Ac Road','1953-11-05','P',True,'2020-07-01','2020-07-02 ','E')
INSERT INTO votante (id,nombre,direccion,fecha_nacimiento,tipo_id,nacionalidad_mexicana,fecha_inicio,fecha_fin,mesa_id) VALUES ('IKB15MJP7ST7PV','Madeline Cline','2236 Suspendisse St.','1996-01-05','P',False,'2020-07-01','2020-07-02 ','A')
INSERT INTO votante (id,nombre,direccion,fecha_nacimiento,tipo_id,nacionalidad_mexicana,fecha_inicio,fecha_fin,mesa_id) VALUES ('BBF09SBP2CK2HV','Pamela Bolton','976-6016 Rutrum Av.','1968-06-29','I',True,'2020-07-01','2020-07-02 ','D')
INSERT INTO votante (id,nombre,direccion,fecha_nacimiento,tipo_id,nacionalidad_mexicana,fecha_inicio,fecha_fin,mesa_id) VALUES ('JDT98ZPO8QX9ZI','Anthony Franco','Ap #934-7216 In Rd.','1955-06-12','P',False,'2020-07-01','2020-07-02 ','C')
INSERT INTO votante (id,nombre,direccion,fecha_nacimiento,tipo_id,nacionalidad_mexicana,fecha_inicio,fecha_fin,mesa_id) VALUES ('NYQ97WVE1AG4FH','Scarlett Fulton','Ap #630-2371 Sed St.','1984-04-23','P',True,'2020-07-01','2020-07-02 ','E')
INSERT INTO votante (id,nombre,direccion,fecha_nacimiento,tipo_id,nacionalidad_mexicana,fecha_inicio,fecha_fin,mesa_id) VALUES ('QER18RMG3JI5QZ','Dolan Strong','6030 Donec Av.','1985-05-10','P',True,'2020-07-01','2020-07-02 ','A')
INSERT INTO votante (id,nombre,direccion,fecha_nacimiento,tipo_id,nacionalidad_mexicana,fecha_inicio,fecha_fin,mesa_id) VALUES ('ORK59IXO7YC1FK','Meredith Hooper','1744 Dui St.','1950-12-16','I',True,'2020-07-01','2020-07-02 ','E')
INSERT INTO votante (id,nombre,direccion,fecha_nacimiento,tipo_id,nacionalidad_mexicana,fecha_inicio,fecha_fin,mesa_id) VALUES ('CMU06PFV5MS6IK','Farrah Brady','931 Tempor, Av.','1998-03-28','P',False,'2020-07-01','2020-07-02 ','A')
INSERT INTO votante (id,nombre,direccion,fecha_nacimiento,tipo_id,nacionalidad_mexicana,fecha_inicio,fecha_fin,mesa_id) VALUES ('LUT04ACF9AR1CM','Rebecca Obrien','P.O. Box 518, 6610 Rhoncus. St.','1961-11-01','I',False,'2020-07-01','2020-07-02 ','B')
INSERT INTO votante (id,nombre,direccion,fecha_nacimiento,tipo_id,nacionalidad_mexicana,fecha_inicio,fecha_fin,mesa_id) VALUES ('GXN07ZAU9EX8EK','Giselle Pacheco','405-995 Dui. St.','1994-11-02','I',False,'2020-07-01','2020-07-02 ','D')
INSERT INTO votante (id,nombre,direccion,fecha_nacimiento,tipo_id,nacionalidad_mexicana,fecha_inicio,fecha_fin,mesa_id) VALUES ('DLY95BGX2MX7CK','Aidan Walls','Ap #746-5254 Diam Rd.','1951-12-21','I',False,'2020-07-01','2020-07-02 ','D')
INSERT INTO votante (id,nombre,direccion,fecha_nacimiento,tipo_id,nacionalidad_mexicana,fecha_inicio,fecha_fin,mesa_id) VALUES ('AIV78VLE9EU8ZB','Allen Shaffer','P.O. Box 347, 9559 Curabitur St.','1950-03-18','I',True,'2020-07-01','2020-07-02 ','B')
INSERT INTO votante (id,nombre,direccion,fecha_nacimiento,tipo_id,nacionalidad_mexicana,fecha_inicio,fecha_fin,mesa_id) VALUES ('WKX50VDW5EA4PY','Colleen Alexander','226-3006 Sit Av.','1985-02-13','P',False,'2020-07-01','2020-07-02 ','B')
INSERT INTO votante (id,nombre,direccion,fecha_nacimiento,tipo_id,nacionalidad_mexicana,fecha_inicio,fecha_fin,mesa_id) VALUES ('TGS73YRG9MF1IO','Kellie Herrera','P.O. Box 615, 7475 Mollis. Avenue','1981-06-13','I',False,'2020-07-01','2020-07-02 ','C')
INSERT INTO votante (id,nombre,direccion,fecha_nacimiento,tipo_id,nacionalidad_mexicana,fecha_inicio,fecha_fin,mesa_id) VALUES ('PXC89TWJ1OR8LR','Nyssa Jacobson','Ap #360-792 Dolor Road','1987-04-14','P',True,'2020-07-01','2020-07-02 ','A')
INSERT INTO votante (id,nombre,direccion,fecha_nacimiento,tipo_id,nacionalidad_mexicana,fecha_inicio,fecha_fin,mesa_id) VALUES ('RHP16GAL6QK5RK','Justine Mcneil','1125 Ipsum. Rd.','1978-07-01','I',True,'2020-07-01','2020-07-02 ','C')
INSERT INTO votante (id,nombre,direccion,fecha_nacimiento,tipo_id,nacionalidad_mexicana,fecha_inicio,fecha_fin,mesa_id) VALUES ('LAM48TQQ4KY1KZ','August Hogan','P.O. Box 470, 3664 Nulla. St.','1994-08-13','P',True,'2020-07-01','2020-07-02 ','E')
INSERT INTO votante (id,nombre,direccion,fecha_nacimiento,tipo_id,nacionalidad_mexicana,fecha_inicio,fecha_fin,mesa_id) VALUES ('WTG20UTN3OQ8FX','Neil Ashley','Ap #391-240 Neque. St.','1969-01-31','P',False,'2020-07-01','2020-07-02 ','C')
INSERT INTO votante (id,nombre,direccion,fecha_nacimiento,tipo_id,nacionalidad_mexicana,fecha_inicio,fecha_fin,mesa_id) VALUES ('TQK99GEP5FZ3WN','Miranda Perkins','9775 Posuere Avenue','1951-11-24','P',False,'2020-07-01','2020-07-02 ','A')
INSERT INTO votante (id,nombre,direccion,fecha_nacimiento,tipo_id,nacionalidad_mexicana,fecha_inicio,fecha_fin,mesa_id) VALUES ('USB76ZDR9PT6CF','Macon Salas','P.O. Box 971, 4115 Odio Av.','1993-12-04','P',False,'2020-07-01','2020-07-02 ','D')
INSERT INTO votante (id,nombre,direccion,fecha_nacimiento,tipo_id,nacionalidad_mexicana,fecha_inicio,fecha_fin,mesa_id) VALUES ('DAI86KRT1GF0MV','Ivory Solomon','746-4203 Dignissim Av.','1972-09-27','I',True,'2020-07-01','2020-07-02 ','D')
INSERT INTO votante (id,nombre,direccion,fecha_nacimiento,tipo_id,nacionalidad_mexicana,fecha_inicio,fecha_fin,mesa_id) VALUES ('JSX28UMP3NM3QY','Hadley Lott','Ap #760-1242 Ante Road','1956-05-02','P',True,'2020-07-01','2020-07-02 ','A')
INSERT INTO votante (id,nombre,direccion,fecha_nacimiento,tipo_id,nacionalidad_mexicana,fecha_inicio,fecha_fin,mesa_id) VALUES ('QWI90JFU7ZC7MR','Colton Reid','815-8172 Erat St.','1994-03-06','P',True,'2020-07-01','2020-07-02 ','A')
INSERT INTO votante (id,nombre,direccion,fecha_nacimiento,tipo_id,nacionalidad_mexicana,fecha_inicio,fecha_fin,mesa_id) VALUES ('UIP35PWM0QX8BG','Venus Huber','P.O. Box 102, 3733 A Rd.','1988-06-20','I',False,'2020-07-01','2020-07-02 ','E')
INSERT INTO votante (id,nombre,direccion,fecha_nacimiento,tipo_id,nacionalidad_mexicana,fecha_inicio,fecha_fin,mesa_id) VALUES ('GCX54VMS2PX9GF','Bradley Everett','P.O. Box 521, 5357 Elit Avenue','1955-09-30','I',True,'2020-07-01','2020-07-02 ','E')
INSERT INTO votante (id,nombre,direccion,fecha_nacimiento,tipo_id,nacionalidad_mexicana,fecha_inicio,fecha_fin,mesa_id) VALUES ('RVQ82JEK2DO2JX','Mari Curtis','643-775 Non St.','1994-04-05','I',True,'2020-07-01','2020-07-02 ','A')
INSERT INTO votante (id,nombre,direccion,fecha_nacimiento,tipo_id,nacionalidad_mexicana,fecha_inicio,fecha_fin,mesa_id) VALUES ('SBC28PGF1LM9DO','Talon Daugherty','596-3598 Libero Rd.','1982-06-06','I',True,'2020-07-01','2020-07-02 ','A')
INSERT INTO votante (id,nombre,direccion,fecha_nacimiento,tipo_id,nacionalidad_mexicana,fecha_inicio,fecha_fin,mesa_id) VALUES ('HMS34UHT6BO8CG','Kyla Fry','Ap #786-3156 In Rd.','1966-02-20','P',False,'2020-07-01','2020-07-02 ','B')
INSERT INTO votante (id,nombre,direccion,fecha_nacimiento,tipo_id,nacionalidad_mexicana,fecha_inicio,fecha_fin,mesa_id) VALUES ('LHN12MUS8WM3ZB','Armando Schroeder','P.O. Box 622, 4382 Ut Rd.','1981-09-02','I',False,'2020-07-01','2020-07-02 ','B')
INSERT INTO votante (id,nombre,direccion,fecha_nacimiento,tipo_id,nacionalidad_mexicana,fecha_inicio,fecha_fin,mesa_id) VALUES ('GXR67WOP6NR1FP','Denise Keith','875-8380 Quis St.','1992-04-14','P',False,'2020-07-01','2020-07-02 ','E')
INSERT INTO votante (id,nombre,direccion,fecha_nacimiento,tipo_id,nacionalidad_mexicana,fecha_inicio,fecha_fin,mesa_id) VALUES ('WBQ32SOL1SS0UI','Farrah Sykes','5882 Ut St.','1980-04-05','P',True,'2020-07-01','2020-07-02 ','D')
INSERT INTO votante (id,nombre,direccion,fecha_nacimiento,tipo_id,nacionalidad_mexicana,fecha_inicio,fecha_fin,mesa_id) VALUES ('GCS12JBK5TL4UV','Daria Bridges','989-631 Pharetra. St.','1977-05-01','I',True,'2020-07-01','2020-07-02 ','A')
INSERT INTO votante (id,nombre,direccion,fecha_nacimiento,tipo_id,nacionalidad_mexicana,fecha_inicio,fecha_fin,mesa_id) VALUES ('ENG84FPO5QA1AM','Moana Reeves','P.O. Box 868, 7274 Tempus, Rd.','1968-06-10','P',True,'2020-07-01','2020-07-02 ','C')
INSERT INTO votante (id,nombre,direccion,fecha_nacimiento,tipo_id,nacionalidad_mexicana,fecha_inicio,fecha_fin,mesa_id) VALUES ('MWZ39PTK8EC9XN','Len Booth','3543 Pellentesque Avenue','2001-10-23','P',False,'2020-07-01','2020-07-02 ','B')
INSERT INTO votante (id,nombre,direccion,fecha_nacimiento,tipo_id,nacionalidad_mexicana,fecha_inicio,fecha_fin,mesa_id) VALUES ('UQM53WXX2JL1US','Graham Cortez','734-1152 Odio Rd.','1973-04-20','P',False,'2020-07-01','2020-07-02 ','C')
INSERT INTO votante (id,nombre,direccion,fecha_nacimiento,tipo_id,nacionalidad_mexicana,fecha_inicio,fecha_fin,mesa_id) VALUES ('EKA01VFF4EN5SJ','Leigh Gilmore','9185 Est. St.','1966-09-10','P',False,'2020-07-01','2020-07-02 ','A')
INSERT INTO votante (id,nombre,direccion,fecha_nacimiento,tipo_id,nacionalidad_mexicana,fecha_inicio,fecha_fin,mesa_id) VALUES ('XZG37IKH4BW8XN','Kasimir Brock','P.O. Box 235, 9520 Maecenas Av.','1977-08-23','I',False,'2020-07-01','2020-07-02 ','A')
INSERT INTO votante (id,nombre,direccion,fecha_nacimiento,tipo_id,nacionalidad_mexicana,fecha_inicio,fecha_fin,mesa_id) VALUES ('SUP78EKB7GK5BD','Mira Sheppard','809-3022 Donec Street','1964-08-21','I',True,'2020-07-01','2020-07-02 ','B')
INSERT INTO votante (id,nombre,direccion,fecha_nacimiento,tipo_id,nacionalidad_mexicana,fecha_inicio,fecha_fin,mesa_id) VALUES ('LKQ85KOF6WW9TA','Hayes Nichols','P.O. Box 993, 8705 Ac, Road','1953-12-13','I',False,'2020-07-01','2020-07-02 ','C')
INSERT INTO votante (id,nombre,direccion,fecha_nacimiento,tipo_id,nacionalidad_mexicana,fecha_inicio,fecha_fin,mesa_id) VALUES ('LDY03WBX0CO9IT','Nathaniel Bird','P.O. Box 483, 8154 Nibh. Rd.','1999-02-09','I',False,'2020-07-01','2020-07-02 ','E')
INSERT INTO votante (id,nombre,direccion,fecha_nacimiento,tipo_id,nacionalidad_mexicana,fecha_inicio,fecha_fin,mesa_id) VALUES ('XTV82YSE2GX1DU','Chava Gillespie','P.O. Box 904, 7484 Cursus, Avenue','1976-12-20','P',True,'2020-07-01','2020-07-02 ','D')
INSERT INTO votante (id,nombre,direccion,fecha_nacimiento,tipo_id,nacionalidad_mexicana,fecha_inicio,fecha_fin,mesa_id) VALUES ('UCX10XAO2FQ6RT','Ezra Davis','232-1054 Sollicitudin St.','1967-04-11','I',True,'2020-07-01','2020-07-02 ','B')
INSERT INTO votante (id,nombre,direccion,fecha_nacimiento,tipo_id,nacionalidad_mexicana,fecha_inicio,fecha_fin,mesa_id) VALUES ('RFK81LRO7AI4GE','Isaiah Sweeney','Ap #180-7188 Arcu. Street','1978-11-07','I',True,'2020-07-01','2020-07-02 ','C')
INSERT INTO votante (id,nombre,direccion,fecha_nacimiento,tipo_id,nacionalidad_mexicana,fecha_inicio,fecha_fin,mesa_id) VALUES ('FTP11ICZ2JN4JR','Daniel Garza','240-4669 Nam St.','1960-12-15','I',False,'2020-07-01','2020-07-02 ','B')
INSERT INTO votante (id,nombre,direccion,fecha_nacimiento,tipo_id,nacionalidad_mexicana,fecha_inicio,fecha_fin,mesa_id) VALUES ('MIW52CPK6NP5CC','September Wall','P.O. Box 176, 6866 Ultrices Avenue','1982-12-24','I',True,'2020-07-01','2020-07-02 ','C')
INSERT INTO votante (id,nombre,direccion,fecha_nacimiento,tipo_id,nacionalidad_mexicana,fecha_inicio,fecha_fin,mesa_id) VALUES ('ARH01JSO4HG8ZR','Simon Rocha','8435 Dolor Road','1952-06-06','P',True,'2020-07-01','2020-07-02 ','D')
INSERT INTO votante (id,nombre,direccion,fecha_nacimiento,tipo_id,nacionalidad_mexicana,fecha_inicio,fecha_fin,mesa_id) VALUES ('CTX61IUL5HD7ZP','Abel Fernandez','P.O. Box 205, 7171 Orci Avenue','1956-10-13','I',True,'2020-07-01','2020-07-02 ','A')
INSERT INTO votante (id,nombre,direccion,fecha_nacimiento,tipo_id,nacionalidad_mexicana,fecha_inicio,fecha_fin,mesa_id) VALUES ('TQT56NTS5ZF3LC','Marah Howe','P.O. Box 169, 2088 Arcu. Rd.','1985-12-17','I',True,'2020-07-01','2020-07-02 ','C')
INSERT INTO votante (id,nombre,direccion,fecha_nacimiento,tipo_id,nacionalidad_mexicana,fecha_inicio,fecha_fin,mesa_id) VALUES ('MGW55LAF5IG9XU','Barbara Austin','4459 Vulputate, Av.','1963-11-14','I',False,'2020-07-01','2020-07-02 ','C')
INSERT INTO votante (id,nombre,direccion,fecha_nacimiento,tipo_id,nacionalidad_mexicana,fecha_inicio,fecha_fin,mesa_id) VALUES ('DYB86NDZ2TF2KN','Adam Rowe','P.O. Box 137, 7725 Felis Rd.','1985-09-19','P',False,'2020-07-01','2020-07-02 ','D')
INSERT INTO votante (id,nombre,direccion,fecha_nacimiento,tipo_id,nacionalidad_mexicana,fecha_inicio,fecha_fin,mesa_id) VALUES ('QOP50BGH5QE8SQ','Declan Mercer','160-8292 Cras Rd.','1983-09-23','P',True,'2020-07-01','2020-07-02 ','C')
INSERT INTO votante (id,nombre,direccion,fecha_nacimiento,tipo_id,nacionalidad_mexicana,fecha_inicio,fecha_fin,mesa_id) VALUES ('BDF23MJJ6DN2MF','Coby Bullock','372-1571 Erat Ave','1977-05-20','P',False,'2020-07-01','2020-07-02 ','A')
INSERT INTO votante (id,nombre,direccion,fecha_nacimiento,tipo_id,nacionalidad_mexicana,fecha_inicio,fecha_fin,mesa_id) VALUES ('YTI80BSO7JX5OG','Jasper Parsons','Ap #592-944 Sagittis St.','1989-12-02','P',False,'2020-07-01','2020-07-02 ','A')
INSERT INTO votante (id,nombre,direccion,fecha_nacimiento,tipo_id,nacionalidad_mexicana,fecha_inicio,fecha_fin,mesa_id) VALUES ('QTP65PDD9YN7LT','Baxter Benson','8194 Nulla. Rd.','1991-04-01','P',True,'2020-07-01','2020-07-02 ','C')
INSERT INTO votante (id,nombre,direccion,fecha_nacimiento,tipo_id,nacionalidad_mexicana,fecha_inicio,fecha_fin,mesa_id) VALUES ('SBB64PIW5EQ3LN','Sharon Alston','Ap #552-5988 Lectus Rd.','1954-02-23','P',False,'2020-07-01','2020-07-02 ','C')
INSERT INTO votante (id,nombre,direccion,fecha_nacimiento,tipo_id,nacionalidad_mexicana,fecha_inicio,fecha_fin,mesa_id) VALUES ('XZA96OJJ0QQ2WN','Kiara Bell','Ap #739-9497 Lectus Rd.','1996-07-17','I',False,'2020-07-01','2020-07-02 ','D')
INSERT INTO votante (id,nombre,direccion,fecha_nacimiento,tipo_id,nacionalidad_mexicana,fecha_inicio,fecha_fin,mesa_id) VALUES ('JTL14RNS6AP5CM','Dane Hinton','P.O. Box 822, 8564 Enim. Rd.','1962-02-19','I',True,'2020-07-01','2020-07-02 ','D')
INSERT INTO votante (id,nombre,direccion,fecha_nacimiento,tipo_id,nacionalidad_mexicana,fecha_inicio,fecha_fin,mesa_id) VALUES ('VVW24MYU4ZV0TM','Nell Vance','2372 Nec St.','1994-10-27','I',False,'2020-07-01','2020-07-02 ','B')
INSERT INTO votante (id,nombre,direccion,fecha_nacimiento,tipo_id,nacionalidad_mexicana,fecha_inicio,fecha_fin,mesa_id) VALUES ('DDT95OYQ4ZY2BW','Jasper Underwood','884-2151 Magna Avenue','1963-03-28','I',False,'2020-07-01','2020-07-02 ','D')
INSERT INTO votante (id,nombre,direccion,fecha_nacimiento,tipo_id,nacionalidad_mexicana,fecha_inicio,fecha_fin,mesa_id) VALUES ('RRR06UKO8OZ8QA','Heather Roth','6625 Mi St.','1975-06-14','P',False,'2020-07-01','2020-07-02 ','C')
INSERT INTO votante (id,nombre,direccion,fecha_nacimiento,tipo_id,nacionalidad_mexicana,fecha_inicio,fecha_fin,mesa_id) VALUES ('UGT23KYX4KU1FP','Kessie Stein','798-5681 Dolor. Rd.','1957-06-05','P',True,'2020-07-01','2020-07-02 ','B')
INSERT INTO votante (id,nombre,direccion,fecha_nacimiento,tipo_id,nacionalidad_mexicana,fecha_inicio,fecha_fin,mesa_id) VALUES ('VKT50QGB3DV2KY','Bryar Petersen','P.O. Box 423, 1644 Pellentesque St.','1960-11-23','P',True,'2020-07-01','2020-07-02 ','B')
INSERT INTO votante (id,nombre,direccion,fecha_nacimiento,tipo_id,nacionalidad_mexicana,fecha_inicio,fecha_fin,mesa_id) VALUES ('UVN69FDM0HA6UI','Mia Phelps','9569 Eget, St.','1964-05-10','I',True,'2020-07-01','2020-07-02 ','A')
INSERT INTO votante (id,nombre,direccion,fecha_nacimiento,tipo_id,nacionalidad_mexicana,fecha_inicio,fecha_fin,mesa_id) VALUES ('ULJ75WSI0YT1SD','Azalia Clements','369-4698 Ut, Av.','1979-11-29','P',True,'2020-07-01','2020-07-02 ','B')
INSERT INTO votante (id,nombre,direccion,fecha_nacimiento,tipo_id,nacionalidad_mexicana,fecha_inicio,fecha_fin,mesa_id) VALUES ('RDR37JPW9JC6QZ','Coby Snider','9299 Venenatis Street','1997-06-03','I',True,'2020-07-01','2020-07-02 ','B')
INSERT INTO votante (id,nombre,direccion,fecha_nacimiento,tipo_id,nacionalidad_mexicana,fecha_inicio,fecha_fin,mesa_id) VALUES ('VIS83XCI3RN9EZ','Bertha Riddle','193-5144 Non, Ave','2001-07-02','P',False,'2020-07-01','2020-07-02 ','E')
INSERT INTO votante (id,nombre,direccion,fecha_nacimiento,tipo_id,nacionalidad_mexicana,fecha_inicio,fecha_fin,mesa_id) VALUES ('ZFH26XHY1ZC0DI','Adena Deleon','673-5194 Maecenas Rd.','1999-08-11','I',False,'2020-07-01','2020-07-02 ','D')
INSERT INTO votante (id,nombre,direccion,fecha_nacimiento,tipo_id,nacionalidad_mexicana,fecha_inicio,fecha_fin,mesa_id) VALUES ('QNM88OCD0UQ4IS','Orson Wilkinson','8323 At, Avenue','1965-05-16','P',True,'2020-07-01','2020-07-02 ','C')
INSERT INTO votante (id,nombre,direccion,fecha_nacimiento,tipo_id,nacionalidad_mexicana,fecha_inicio,fecha_fin,mesa_id) VALUES ('UBT46HXN3YB0HU','Ebony Stokes','Ap #927-4358 Cursus Rd.','2000-06-30','P',False,'2020-07-01','2020-07-02 ','E')
INSERT INTO votante (id,nombre,direccion,fecha_nacimiento,tipo_id,nacionalidad_mexicana,fecha_inicio,fecha_fin,mesa_id) VALUES ('HFG84YMF3FD0XH','Phelan Moran','Ap #548-4451 Amet St.','1951-07-02','I',True,'2020-07-01','2020-07-02 ','C')
INSERT INTO votante (id,nombre,direccion,fecha_nacimiento,tipo_id,nacionalidad_mexicana,fecha_inicio,fecha_fin,mesa_id) VALUES ('HFM69TAH9GU8VI','Barbara Roth','P.O. Box 170, 3592 Diam St.','1952-07-15','I',False,'2020-07-01','2020-07-02 ','D')
INSERT INTO votante (id,nombre,direccion,fecha_nacimiento,tipo_id,nacionalidad_mexicana,fecha_inicio,fecha_fin,mesa_id) VALUES ('DEX78IIT1OS1HV','Uriel Spencer','P.O. Box 518, 708 Varius. Road','1976-08-11','P',True,'2020-07-01','2020-07-02 ','D')
INSERT INTO votante (id,nombre,direccion,fecha_nacimiento,tipo_id,nacionalidad_mexicana,fecha_inicio,fecha_fin,mesa_id) VALUES ('LPV32UGK7UP4AG','Rahim York','Ap #702-7064 Quisque Rd.','1984-02-17','I',True,'2020-07-01','2020-07-02 ','A')
INSERT INTO votante (id,nombre,direccion,fecha_nacimiento,tipo_id,nacionalidad_mexicana,fecha_inicio,fecha_fin,mesa_id) VALUES ('ULH14LJZ9HO3BT','Herrod Spence','Ap #264-5320 Semper Avenue','1999-08-03','I',False,'2020-07-01','2020-07-02 ','A')
INSERT INTO votante (id,nombre,direccion,fecha_nacimiento,tipo_id,nacionalidad_mexicana,fecha_inicio,fecha_fin,mesa_id) VALUES ('XRV05SFO6LF4KV','Julie Holmes','P.O. Box 763, 4796 Faucibus Rd.','1965-04-27','I',True,'2020-07-01','2020-07-02 ','E')
INSERT INTO votante (id,nombre,direccion,fecha_nacimiento,tipo_id,nacionalidad_mexicana,fecha_inicio,fecha_fin,mesa_id) VALUES ('CBN18LTO9XO6SV','Veda Compton','P.O. Box 657, 2133 Pellentesque Rd.','1994-05-05','P',False,'2020-07-01','2020-07-02 ','E')
INSERT INTO votante (id,nombre,direccion,fecha_nacimiento,tipo_id,nacionalidad_mexicana,fecha_inicio,fecha_fin,mesa_id) VALUES ('DAN44QUP8BW9SE','Erica Beck','370-250 Eget Avenue','1993-11-07','P',True,'2020-07-01','2020-07-02 ','E')
INSERT INTO votante (id,nombre,direccion,fecha_nacimiento,tipo_id,nacionalidad_mexicana,fecha_inicio,fecha_fin,mesa_id) VALUES ('LVB31HRV0XS2WW','Jolie Cote','8799 Donec Ave','2001-12-12','P',True,'2020-07-01','2020-07-02 ','C')
INSERT INTO votante (id,nombre,direccion,fecha_nacimiento,tipo_id,nacionalidad_mexicana,fecha_inicio,fecha_fin,mesa_id) VALUES ('OPH75BMZ8CN8NV','Finn Hoffman','Ap #406-2171 Odio Rd.','1955-10-31','I',False,'2020-07-01','2020-07-02 ','A')
INSERT INTO votante (id,nombre,direccion,fecha_nacimiento,tipo_id,nacionalidad_mexicana,fecha_inicio,fecha_fin,mesa_id) VALUES ('IXS90OCP7OT2DV','Quinn Morrison','384-9790 Dictum Street','1991-01-01','P',True,'2020-07-01','2020-07-02 ','C')
INSERT INTO votante (id,nombre,direccion,fecha_nacimiento,tipo_id,nacionalidad_mexicana,fecha_inicio,fecha_fin,mesa_id) VALUES ('SCM28YCN5QA5JH','Maggy Robles','222-5687 Non, St.','2000-11-05','P',False,'2020-07-01','2020-07-02 ','A')
INSERT INTO votante (id,nombre,direccion,fecha_nacimiento,tipo_id,nacionalidad_mexicana,fecha_inicio,fecha_fin,mesa_id) VALUES ('BAN12SIS1WR5NY','Ayanna Trujillo','P.O. Box 105, 2061 Vel Road','1955-05-20','P',True,'2020-07-01','2020-07-02 ','C')
INSERT INTO votante (id,nombre,direccion,fecha_nacimiento,tipo_id,nacionalidad_mexicana,fecha_inicio,fecha_fin,mesa_id) VALUES ('HTK49BWK5GG1PD','Timon Herring','P.O. Box 702, 3924 Nunc St.','1969-03-18','P',True,'2020-07-01','2020-07-02 ','E')
INSERT INTO votante (id,nombre,direccion,fecha_nacimiento,tipo_id,nacionalidad_mexicana,fecha_inicio,fecha_fin,mesa_id) VALUES ('CPW87ZES0HU5SM','Amity Hansen','107-6505 Ornare St.','1962-11-21','I',True,'2020-07-01','2020-07-02 ','C')
INSERT INTO votante (id,nombre,direccion,fecha_nacimiento,tipo_id,nacionalidad_mexicana,fecha_inicio,fecha_fin,mesa_id) VALUES ('GAQ36LIA5IV7UG','Rahim Nicholson','369-926 Dolor, Av.','1972-10-01','I',True,'2020-07-01','2020-07-02 ','E')
INSERT INTO votante (id,nombre,direccion,fecha_nacimiento,tipo_id,nacionalidad_mexicana,fecha_inicio,fecha_fin,mesa_id) VALUES ('FZV74NVY4FK5HO','Plato Lancaster','P.O. Box 227, 511 At Rd.','1958-04-01','P',False,'2020-07-01','2020-07-02 ','C')
INSERT INTO votante (id,nombre,direccion,fecha_nacimiento,tipo_id,nacionalidad_mexicana,fecha_inicio,fecha_fin,mesa_id) VALUES ('WQY43KRG6WX9JT','Yen Dudley','P.O. Box 479, 1173 Ut St.','1991-12-23','I',True,'2020-07-01','2020-07-02 ','C')
INSERT INTO votante (id,nombre,direccion,fecha_nacimiento,tipo_id,nacionalidad_mexicana,fecha_inicio,fecha_fin,mesa_id) VALUES ('PTN11AGG1SC4RF','Jackson Poole','Ap #548-1207 Vel Avenue','1991-08-05','I',True,'2020-07-01','2020-07-02 ','C')
INSERT INTO votante (id,nombre,direccion,fecha_nacimiento,tipo_id,nacionalidad_mexicana,fecha_inicio,fecha_fin,mesa_id) VALUES ('AMW19WRD7ZI7VA','Renee Mack','Ap #436-1344 Dui, Ave','1997-09-03','I',True,'2020-07-01','2020-07-02 ','A')
INSERT INTO votante (id,nombre,direccion,fecha_nacimiento,tipo_id,nacionalidad_mexicana,fecha_inicio,fecha_fin,mesa_id) VALUES ('LZI53LWU7PE2EY','Shelley Faulkner','9950 Vulputate St.','1989-01-04','I',True,'2020-07-01','2020-07-02 ','E')
INSERT INTO votante (id,nombre,direccion,fecha_nacimiento,tipo_id,nacionalidad_mexicana,fecha_inicio,fecha_fin,mesa_id) VALUES ('RDF52CHF0LF7IF','Madaline Fulton','Ap #976-6732 Urna. Street','1967-02-28','I',False,'2020-07-01','2020-07-02 ','E')
INSERT INTO votante (id,nombre,direccion,fecha_nacimiento,tipo_id,nacionalidad_mexicana,fecha_inicio,fecha_fin,mesa_id) VALUES ('SUX23AVW4IC0CN','Gail Norton','3784 Malesuada Avenue','1977-07-14','I',True,'2020-07-01','2020-07-02 ','A')
INSERT INTO votante (id,nombre,direccion,fecha_nacimiento,tipo_id,nacionalidad_mexicana,fecha_inicio,fecha_fin,mesa_id) VALUES ('MIF26NBW9ZG7FZ','Nita Frost','8853 Lobortis. Avenue','1995-01-14','I',False,'2020-07-01','2020-07-02 ','E')
INSERT INTO votante (id,nombre,direccion,fecha_nacimiento,tipo_id,nacionalidad_mexicana,fecha_inicio,fecha_fin,mesa_id) VALUES ('SHE54CYW8GK4CL','Odette Bishop','Ap #749-6226 Sem Rd.','1996-06-27','I',True,'2020-07-01','2020-07-02 ','A')
INSERT INTO votante (id,nombre,direccion,fecha_nacimiento,tipo_id,nacionalidad_mexicana,fecha_inicio,fecha_fin,mesa_id) VALUES ('WVA64BNG7FE4XN','Carol Hernandez','Ap #385-1594 Massa. Avenue','1983-12-29','I',False,'2020-07-01','2020-07-02 ','E')
INSERT INTO votante (id,nombre,direccion,fecha_nacimiento,tipo_id,nacionalidad_mexicana,fecha_inicio,fecha_fin,mesa_id) VALUES ('TPZ27NEC2EL4TE','Malcolm Parker','P.O. Box 469, 4183 Suspendisse Street','1956-11-27','P',False,'2020-07-01','2020-07-02 ','C')
INSERT INTO votante (id,nombre,direccion,fecha_nacimiento,tipo_id,nacionalidad_mexicana,fecha_inicio,fecha_fin,mesa_id) VALUES ('SZJ47ZQD5DG4IP','Ignatius Salazar','P.O. Box 926, 5494 Nisi St.','1986-03-26','I',False,'2020-07-01','2020-07-02 ','A')


INSERT INTO miembro (presidente, votante_id) VALUES (True, 'BDF23MJJ6DN2MF')
INSERT INTO miembro (presidente, votante_id) VALUES (False, 'MIF26NBW9ZG7FZ')
INSERT INTO miembro (presidente, votante_id) VALUES (True, 'TGS73YRG9MF1IO')
INSERT INTO miembro (presidente, votante_id) VALUES (False, 'MWZ39PTK8EC9XN')
INSERT INTO miembro (presidente, votante_id) VALUES (True, 'MGW55LAF5IG9XU')
INSERT INTO miembro (presidente, votante_id) VALUES (False, 'TPZ27NEC2EL4TE')
INSERT INTO miembro (presidente, votante_id) VALUES (True, 'LCD43MWH0TL1YZ')
INSERT INTO miembro (presidente, votante_id) VALUES (False, 'MEG46OEA4UN9HF')
INSERT INTO miembro (presidente, votante_id) VALUES (True, 'UBT46HXN3YB0HU')
INSERT INTO miembro (presidente, votante_id) VALUES (False, 'ORK59IXO7YC1FK')


INSERT INTO suplente (votante_id, sustituye_id) VALUES ('SCM28YCN5QA5JH', 'BDF23MJJ6DN2MF')
INSERT INTO suplente (votante_id, sustituye_id) VALUES ('LPV32UGK7UP4AG', 'MIF26NBW9ZG7FZ')
INSERT INTO suplente (votante_id, sustituye_id) VALUES ('RDR37JPW9JC6QZ', 'TGS73YRG9MF1IO')
INSERT INTO suplente (votante_id, sustituye_id) VALUES ('SUP78EKB7GK5BD', 'MWZ39PTK8EC9XN')
INSERT INTO suplente (votante_id, sustituye_id) VALUES ('LKQ85KOF6WW9TA', 'MGW55LAF5IG9XU')
INSERT INTO suplente (votante_id, sustituye_id) VALUES ('TQT56NTS5ZF3LC', 'TPZ27NEC2EL4TE')
INSERT INTO suplente (votante_id, sustituye_id) VALUES ('XTV82YSE2GX1DU', 'LCD43MWH0TL1YZ')
INSERT INTO suplente (votante_id, sustituye_id) VALUES ('USB76ZDR9PT6CF', 'MEG46OEA4UN9HF')
INSERT INTO suplente (votante_id, sustituye_id) VALUES ('UIP35PWM0QX8BG', 'UBT46HXN3YB0HU')
INSERT INTO suplente (votante_id, sustituye_id) VALUES ('LDY03WBX0CO9IT', 'ORK59IXO7YC1FK')


INSERT INTO partido (siglas, nombre, presidente, votante_id_nominal_1, votante_id_nominal_2, votante_id_nominal_3) VALUES ('PRI', 'Partido Revolucionario Institucional', 'Alejandro Moreno', 'DYB86NDZ2TF2KN', 'VKT50QGB3DV2KY', 'XZG37IKH4BW8XN')
INSERT INTO partido (siglas, nombre, presidente, votante_id_nominal_1, votante_id_nominal_2, votante_id_nominal_3, votante_id_nominal_4) VALUES ('PAN', 'Partido Accion Nacional', 'Marko Cortes', 'ARH01JSO4HG8ZR', 'SZJ47ZQD5DG4IP', 'JDT98ZPO8QX9ZI', 'QNM88OCD0UQ4IS')
INSERT INTO partido (siglas, nombre, presidente, votante_id_nominal_1, votante_id_nominal_2) VALUES ('PRD', 'Partido de la Revolucion Democratica', 'Angel Avila', 'EKA01VFF4EN5SJ', 'GCX54VMS2PX9GF')
INSERT INTO partido (siglas, nombre, presidente, votante_id_nominal_1, votante_id_nominal_2, votante_id_nominal_3) VALUES ('PT', 'Partido del Trabajo', 'Alberto Anaya', 'FTP11ICZ2JN4JR', 'LZI53LWU7PE2EY', 'BAN12SIS1WR5NY')
INSERT INTO partido (siglas, nombre, presidente, votante_id_nominal_1) VALUES ('NA', 'Nueva Alianza', 'Luis Castro', 'SBB64PIW5EQ3LN')


INSERT INTO apoderado (ine, nombre, partido_siglas) VALUES ('LIY49DHR8WQ0KQ', 'Molly Juarez', 'PRI')
INSERT INTO apoderado (ine, nombre, partido_siglas) VALUES ('SEX88TYV6IC7TB', 'Vincent Mcconnell', 'PRI')
INSERT INTO apoderado (ine, nombre, partido_siglas) VALUES ('YIU21DBI7WW9PB', 'Stacy Cunningham', 'PRI')
INSERT INTO apoderado (ine, nombre, partido_siglas) VALUES ('PKZ62BWZ0OF4IX', 'Ezra Stuart', 'PAN')
INSERT INTO apoderado (ine, nombre, partido_siglas) VALUES ('HSP92GGT8CQ7HR', 'Phelan Bender', 'PAN')
INSERT INTO apoderado (ine, nombre, partido_siglas) VALUES ('HDF74HIK4LW9AA', 'Tara Hopper', 'PAN')
INSERT INTO apoderado (ine, nombre, partido_siglas) VALUES ('LNA75IYU0XY1CL', 'Mia Wheeler', 'PRD')
INSERT INTO apoderado (ine, nombre, partido_siglas) VALUES ('DKA80EAW3TF2HZ', 'Katelyn Mueller', 'PRD')
INSERT INTO apoderado (ine, nombre, partido_siglas) VALUES ('VBH50ENK1YW8FM', 'Bruce Atkinson', 'PRD')
INSERT INTO apoderado (ine, nombre, partido_siglas) VALUES ('AMM02JKP5FQ9IZ', 'Ross Garner', 'PT')
INSERT INTO apoderado (ine, nombre, partido_siglas) VALUES ('JMJ95GRN4YO2EN', 'Hilary Huff', 'PT')
INSERT INTO apoderado (ine, nombre, partido_siglas) VALUES ('RRL22OFO9AY9JE', 'Keelie Peck', 'PT')
INSERT INTO apoderado (ine, nombre, partido_siglas) VALUES ('ADA62WIR5FS5NQ', 'Regina Mcmahon', 'NA')
INSERT INTO apoderado (ine, nombre, partido_siglas) VALUES ('MTM96YHT7TB4JR', 'Igor Daniels', 'NA')
INSERT INTO apoderado (ine, nombre, partido_siglas) VALUES ('NMD20UXX4XH4TG', 'Ingrid Finley', 'NA')


INSERT INTO votacion_municipal (mesa_id, partido_siglas, votos, fecha) VALUES ('A', 'PRI', 2 , '2016-06-01')
INSERT INTO votacion_municipal (mesa_id, partido_siglas, votos, fecha) VALUES ('A', 'PAN', 5, '2016-06-01')
INSERT INTO votacion_municipal (mesa_id, partido_siglas, votos, fecha) VALUES ('A', 'PRD', 7, '2016-06-01')
INSERT INTO votacion_municipal (mesa_id, partido_siglas, votos, fecha) VALUES ('A', 'PT', 5, '2016-06-01')
INSERT INTO votacion_municipal (mesa_id, partido_siglas, votos, fecha) VALUES ('A', 'NA', 1, '2016-06-01')
INSERT INTO votacion_municipal (mesa_id, partido_siglas, votos, fecha) VALUES ('B', 'PRI', 3, '2016-06-01')
INSERT INTO votacion_municipal (mesa_id, partido_siglas, votos, fecha) VALUES ('B', 'PAN', 3, '2016-06-01')
INSERT INTO votacion_municipal (mesa_id, partido_siglas, votos, fecha) VALUES ('B', 'PRD', 7, '2016-06-01')
INSERT INTO votacion_municipal (mesa_id, partido_siglas, votos, fecha) VALUES ('B', 'PT', 2, '2016-06-01')
INSERT INTO votacion_municipal (mesa_id, partido_siglas, votos, fecha) VALUES ('B', 'NA', 5, '2016-06-01')
INSERT INTO votacion_municipal (mesa_id, partido_siglas, votos, fecha) VALUES ('C', 'PRI', 10, '2016-06-01')
INSERT INTO votacion_municipal (mesa_id, partido_siglas, votos, fecha) VALUES ('C', 'PAN', 2, '2016-06-01')
INSERT INTO votacion_municipal (mesa_id, partido_siglas, votos, fecha) VALUES ('C', 'PRD', 3, '2016-06-01')
INSERT INTO votacion_municipal (mesa_id, partido_siglas, votos, fecha) VALUES ('C', 'PT', 1, '2016-06-01')
INSERT INTO votacion_municipal (mesa_id, partido_siglas, votos, fecha) VALUES ('C', 'NA', 4, '2016-06-01')
INSERT INTO votacion_municipal (mesa_id, partido_siglas, votos, fecha) VALUES ('D', 'PRI', 6, '2016-06-01')
INSERT INTO votacion_municipal (mesa_id, partido_siglas, votos, fecha) VALUES ('D', 'PAN', 2, '2016-06-01')
INSERT INTO votacion_municipal (mesa_id, partido_siglas, votos, fecha) VALUES ('D', 'PRD', 2, '2016-06-01')
INSERT INTO votacion_municipal (mesa_id, partido_siglas, votos, fecha) VALUES ('D', 'PT', 9, '2016-06-01')
INSERT INTO votacion_municipal (mesa_id, partido_siglas, votos, fecha) VALUES ('D', 'NA', 1, '2016-06-01')
INSERT INTO votacion_municipal (mesa_id, partido_siglas, votos, fecha) VALUES ('E', 'PRI', 3, '2016-06-01')
INSERT INTO votacion_municipal (mesa_id, partido_siglas, votos, fecha) VALUES ('E', 'PAN', 8, '2016-06-01')
INSERT INTO votacion_municipal (mesa_id, partido_siglas, votos, fecha) VALUES ('E', 'PRD', 6, '2016-06-01')
INSERT INTO votacion_municipal (mesa_id, partido_siglas, votos, fecha) VALUES ('E', 'PT', 2, '2016-06-01')
INSERT INTO votacion_municipal (mesa_id, partido_siglas, votos, fecha) VALUES ('E', 'NA', 1, '2016-06-01')


INSERT INTO votacion_municipal (mesa_id, partido_siglas, votos, fecha) VALUES ('A', 'PRI', 7, '2017-06-01')
INSERT INTO votacion_municipal (mesa_id, partido_siglas, votos, fecha) VALUES ('A', 'PAN', 3, '2017-06-01')
INSERT INTO votacion_municipal (mesa_id, partido_siglas, votos, fecha) VALUES ('A', 'PRD', 2, '2017-06-01')
INSERT INTO votacion_municipal (mesa_id, partido_siglas, votos, fecha) VALUES ('A', 'PT', 5, '2017-06-01')
INSERT INTO votacion_municipal (mesa_id, partido_siglas, votos, fecha) VALUES ('A', 'NA', 3, '2017-06-01')
INSERT INTO votacion_municipal (mesa_id, partido_siglas, votos, fecha) VALUES ('B', 'PRI', 1, '2017-06-01')
INSERT INTO votacion_municipal (mesa_id, partido_siglas, votos, fecha) VALUES ('B', 'PAN', 5, '2017-06-01')
INSERT INTO votacion_municipal (mesa_id, partido_siglas, votos, fecha) VALUES ('B', 'PRD', 6, '2017-06-01')
INSERT INTO votacion_municipal (mesa_id, partido_siglas, votos, fecha) VALUES ('B', 'PT', 4, '2017-06-01')
INSERT INTO votacion_municipal (mesa_id, partido_siglas, votos, fecha) VALUES ('B', 'NA', 4, '2017-06-01')
INSERT INTO votacion_municipal (mesa_id, partido_siglas, votos, fecha) VALUES ('C', 'PRI', 4, '2017-06-01')
INSERT INTO votacion_municipal (mesa_id, partido_siglas, votos, fecha) VALUES ('C', 'PAN', 2, '2017-06-01')
INSERT INTO votacion_municipal (mesa_id, partido_siglas, votos, fecha) VALUES ('C', 'PRD', 6, '2017-06-01')
INSERT INTO votacion_municipal (mesa_id, partido_siglas, votos, fecha) VALUES ('C', 'PT', 4, '2017-06-01')
INSERT INTO votacion_municipal (mesa_id, partido_siglas, votos, fecha) VALUES ('C', 'NA', 4, '2017-06-01')
INSERT INTO votacion_municipal (mesa_id, partido_siglas, votos, fecha) VALUES ('D', 'PRI', 12, '2017-06-01')
INSERT INTO votacion_municipal (mesa_id, partido_siglas, votos, fecha) VALUES ('D', 'PAN', 2, '2017-06-01')
INSERT INTO votacion_municipal (mesa_id, partido_siglas, votos, fecha) VALUES ('D', 'PRD', 2, '2017-06-01')
INSERT INTO votacion_municipal (mesa_id, partido_siglas, votos, fecha) VALUES ('D', 'PT', 2, '2017-06-01')
INSERT INTO votacion_municipal (mesa_id, partido_siglas, votos, fecha) VALUES ('D', 'NA', 2, '2017-06-01')
INSERT INTO votacion_municipal (mesa_id, partido_siglas, votos, fecha) VALUES ('E', 'PRI', 1, '2017-06-01')
INSERT INTO votacion_municipal (mesa_id, partido_siglas, votos, fecha) VALUES ('E', 'PAN', 2, '2017-06-01')
INSERT INTO votacion_municipal (mesa_id, partido_siglas, votos, fecha) VALUES ('E', 'PRD', 1, '2017-06-01')
INSERT INTO votacion_municipal (mesa_id, partido_siglas, votos, fecha) VALUES ('E', 'PT', 1, '2017-06-01')
INSERT INTO votacion_municipal (mesa_id, partido_siglas, votos, fecha) VALUES ('E', 'NA', 15, '2017-06-01')


INSERT INTO votacion_municipal (mesa_id, partido_siglas, votos, fecha) VALUES ('A', 'PRI',1, '2018-06-01')
INSERT INTO votacion_municipal (mesa_id, partido_siglas, votos, fecha) VALUES ('A', 'PAN', 2, '2018-06-01')
INSERT INTO votacion_municipal (mesa_id, partido_siglas, votos, fecha) VALUES ('A', 'PRD', 2, '2018-06-01')
INSERT INTO votacion_municipal (mesa_id, partido_siglas, votos, fecha) VALUES ('A', 'PT', 2, '2018-06-01')
INSERT INTO votacion_municipal (mesa_id, partido_siglas, votos, fecha) VALUES ('A', 'NA', 13, '2018-06-01')
INSERT INTO votacion_municipal (mesa_id, partido_siglas, votos, fecha) VALUES ('B', 'PRI', 5, '2018-06-01')
INSERT INTO votacion_municipal (mesa_id, partido_siglas, votos, fecha) VALUES ('B', 'PAN', 2, '2018-06-01')
INSERT INTO votacion_municipal (mesa_id, partido_siglas, votos, fecha) VALUES ('B', 'PRD', 8, '2018-06-01')
INSERT INTO votacion_municipal (mesa_id, partido_siglas, votos, fecha) VALUES ('B', 'PT', 3, '2018-06-01')
INSERT INTO votacion_municipal (mesa_id, partido_siglas, votos, fecha) VALUES ('B', 'NA', 2, '2018-06-01')
INSERT INTO votacion_municipal (mesa_id, partido_siglas, votos, fecha) VALUES ('C', 'PRI', 2, '2018-06-01')
INSERT INTO votacion_municipal (mesa_id, partido_siglas, votos, fecha) VALUES ('C', 'PAN', 6, '2018-06-01')
INSERT INTO votacion_municipal (mesa_id, partido_siglas, votos, fecha) VALUES ('C', 'PRD', 4, '2018-06-01')
INSERT INTO votacion_municipal (mesa_id, partido_siglas, votos, fecha) VALUES ('C', 'PT', 4, '2018-06-01')
INSERT INTO votacion_municipal (mesa_id, partido_siglas, votos, fecha) VALUES ('C', 'NA', 2, '2018-06-01')
INSERT INTO votacion_municipal (mesa_id, partido_siglas, votos, fecha) VALUES ('D', 'PRI', 8, '2018-06-01')
INSERT INTO votacion_municipal (mesa_id, partido_siglas, votos, fecha) VALUES ('D', 'PAN', 4, '2018-06-01')
INSERT INTO votacion_municipal (mesa_id, partido_siglas, votos, fecha) VALUES ('D', 'PRD', 6, '2018-06-01')
INSERT INTO votacion_municipal (mesa_id, partido_siglas, votos, fecha) VALUES ('D', 'PT', 1, '2018-06-01')
INSERT INTO votacion_municipal (mesa_id, partido_siglas, votos, fecha) VALUES ('D', 'NA', 1, '2018-06-01')
INSERT INTO votacion_municipal (mesa_id, partido_siglas, votos, fecha) VALUES ('E', 'PRI', 3, '2018-06-01')
INSERT INTO votacion_municipal (mesa_id, partido_siglas, votos, fecha) VALUES ('E', 'PAN', 2, '2018-06-01')
INSERT INTO votacion_municipal (mesa_id, partido_siglas, votos, fecha) VALUES ('E', 'PRD', 6, '2018-06-01')
INSERT INTO votacion_municipal (mesa_id, partido_siglas, votos, fecha) VALUES ('E', 'PT', 4, '2018-06-01')
INSERT INTO votacion_municipal (mesa_id, partido_siglas, votos, fecha) VALUES ('E', 'NA', 5, '2018-06-01')


INSERT INTO votacion_municipal (mesa_id, partido_siglas, votos, fecha) VALUES ('A', 'PRI', 2, '2019-06-01')
INSERT INTO votacion_municipal (mesa_id, partido_siglas, votos, fecha) VALUES ('A', 'PAN', 7, '2019-06-01')
INSERT INTO votacion_municipal (mesa_id, partido_siglas, votos, fecha) VALUES ('A', 'PRD', 1, '2019-06-01')
INSERT INTO votacion_municipal (mesa_id, partido_siglas, votos, fecha) VALUES ('A', 'PT', 9, '2019-06-01')
INSERT INTO votacion_municipal (mesa_id, partido_siglas, votos, fecha) VALUES ('A', 'NA', 1, '2019-06-01')
INSERT INTO votacion_municipal (mesa_id, partido_siglas, votos, fecha) VALUES ('B', 'PRI', 9, '2019-06-01')
INSERT INTO votacion_municipal (mesa_id, partido_siglas, votos, fecha) VALUES ('B', 'PAN', 3, '2019-06-01')
INSERT INTO votacion_municipal (mesa_id, partido_siglas, votos, fecha) VALUES ('B', 'PRD', 2, '2019-06-01')
INSERT INTO votacion_municipal (mesa_id, partido_siglas, votos, fecha) VALUES ('B', 'PT', 6, '2019-06-01')
INSERT INTO votacion_municipal (mesa_id, partido_siglas, votos, fecha) VALUES ('B', 'NA', 5, '2019-06-01')
INSERT INTO votacion_municipal (mesa_id, partido_siglas, votos, fecha) VALUES ('C', 'PRI', 0, '2019-06-01')
INSERT INTO votacion_municipal (mesa_id, partido_siglas, votos, fecha) VALUES ('C', 'PAN', 1, '2019-06-01')
INSERT INTO votacion_municipal (mesa_id, partido_siglas, votos, fecha) VALUES ('C', 'PRD', 4, '2019-06-01')
INSERT INTO votacion_municipal (mesa_id, partido_siglas, votos, fecha) VALUES ('C', 'PT', 10, '2019-06-01')
INSERT INTO votacion_municipal (mesa_id, partido_siglas, votos, fecha) VALUES ('C', 'NA', 5, '2019-06-01')
INSERT INTO votacion_municipal (mesa_id, partido_siglas, votos, fecha) VALUES ('D', 'PRI', 2, '2019-06-01')
INSERT INTO votacion_municipal (mesa_id, partido_siglas, votos, fecha) VALUES ('D', 'PAN', 0, '2019-06-01')
INSERT INTO votacion_municipal (mesa_id, partido_siglas, votos, fecha) VALUES ('D', 'PRD', 7, '2019-06-01')
INSERT INTO votacion_municipal (mesa_id, partido_siglas, votos, fecha) VALUES ('D', 'PT', 11, '2019-06-01')
INSERT INTO votacion_municipal (mesa_id, partido_siglas, votos, fecha) VALUES ('D', 'NA', 0, '2019-06-01')
INSERT INTO votacion_municipal (mesa_id, partido_siglas, votos, fecha) VALUES ('E', 'PRI', 5, '2019-06-01')
INSERT INTO votacion_municipal (mesa_id, partido_siglas, votos, fecha) VALUES ('E', 'PAN', 3, '2019-06-01')
INSERT INTO votacion_municipal (mesa_id, partido_siglas, votos, fecha) VALUES ('E', 'PRD', 2, '2019-06-01')
INSERT INTO votacion_municipal (mesa_id, partido_siglas, votos, fecha) VALUES ('E', 'PT', 10, '2019-06-01')
INSERT INTO votacion_municipal (mesa_id, partido_siglas, votos, fecha) VALUES ('E', 'NA', 0, '2019-06-01')


INSERT INTO votacion_federal (mesa_id, partido_siglas, votos, fecha) VALUES ('A', 'PRI', 20, '2016-06-01')
INSERT INTO votacion_federal (mesa_id, partido_siglas, votos, fecha) VALUES ('A', 'PAN', 0, '2016-06-01')
INSERT INTO votacion_federal (mesa_id, partido_siglas, votos, fecha) VALUES ('A', 'PRD', 0, '2016-06-01')
INSERT INTO votacion_federal (mesa_id, partido_siglas, votos, fecha) VALUES ('A', 'PT', 0, '2016-06-01')
INSERT INTO votacion_federal (mesa_id, partido_siglas, votos, fecha) VALUES ('A', 'NA', 0, '2016-06-01')
INSERT INTO votacion_federal (mesa_id, partido_siglas, votos, fecha) VALUES ('B', 'PRI', 13, '2016-06-01')
INSERT INTO votacion_federal (mesa_id, partido_siglas, votos, fecha) VALUES ('B', 'PAN', 2, '2016-06-01')
INSERT INTO votacion_federal (mesa_id, partido_siglas, votos, fecha) VALUES ('B', 'PRD', 1, '2016-06-01')
INSERT INTO votacion_federal (mesa_id, partido_siglas, votos, fecha) VALUES ('B', 'PT', 1, '2016-06-01')
INSERT INTO votacion_federal (mesa_id, partido_siglas, votos, fecha) VALUES ('B', 'NA', 3, '2016-06-01')
INSERT INTO votacion_federal (mesa_id, partido_siglas, votos, fecha) VALUES ('C', 'PRI', 1, '2016-06-01')
INSERT INTO votacion_federal (mesa_id, partido_siglas, votos, fecha) VALUES ('C', 'PAN', 2, '2016-06-01')
INSERT INTO votacion_federal (mesa_id, partido_siglas, votos, fecha) VALUES ('C', 'PRD', 3, '2016-06-01')
INSERT INTO votacion_federal (mesa_id, partido_siglas, votos, fecha) VALUES ('C', 'PT', 10, '2016-06-01')
INSERT INTO votacion_federal (mesa_id, partido_siglas, votos, fecha) VALUES ('C', 'NA', 4, '2016-06-01')
INSERT INTO votacion_federal (mesa_id, partido_siglas, votos, fecha) VALUES ('D', 'PRI', 15, '2016-06-01')
INSERT INTO votacion_federal (mesa_id, partido_siglas, votos, fecha) VALUES ('D', 'PAN', 2, '2016-06-01')
INSERT INTO votacion_federal (mesa_id, partido_siglas, votos, fecha) VALUES ('D', 'PRD', 1, '2016-06-01')
INSERT INTO votacion_federal (mesa_id, partido_siglas, votos, fecha) VALUES ('D', 'PT', 0, '2016-06-01')
INSERT INTO votacion_federal (mesa_id, partido_siglas, votos, fecha) VALUES ('D', 'NA', 2, '2016-06-01')
INSERT INTO votacion_federal (mesa_id, partido_siglas, votos, fecha) VALUES ('E', 'PRI', 1, '2016-06-01')
INSERT INTO votacion_federal (mesa_id, partido_siglas, votos, fecha) VALUES ('E', 'PAN', 10, '2016-06-01')
INSERT INTO votacion_federal (mesa_id, partido_siglas, votos, fecha) VALUES ('E', 'PRD', 2, '2016-06-01')
INSERT INTO votacion_federal (mesa_id, partido_siglas, votos, fecha) VALUES ('E', 'PT', 3, '2016-06-01')
INSERT INTO votacion_federal (mesa_id, partido_siglas, votos, fecha) VALUES ('E', 'NA', 0, '2016-06-01')


INSERT INTO votacion_federal (mesa_id, partido_siglas, votos, fecha) VALUES ('A', 'PRI', 0, '2017-06-01')
INSERT INTO votacion_federal (mesa_id, partido_siglas, votos, fecha) VALUES ('A', 'PAN', 0, '2017-06-01')
INSERT INTO votacion_federal (mesa_id, partido_siglas, votos, fecha) VALUES ('A', 'PRD', 2, '2017-06-01')
INSERT INTO votacion_federal (mesa_id, partido_siglas, votos, fecha) VALUES ('A', 'PT', 7, '2017-06-01')
INSERT INTO votacion_federal (mesa_id, partido_siglas, votos, fecha) VALUES ('A', 'NA', 11, '2017-06-01')
INSERT INTO votacion_federal (mesa_id, partido_siglas, votos, fecha) VALUES ('B', 'PRI', 13, '2017-06-01')
INSERT INTO votacion_federal (mesa_id, partido_siglas, votos, fecha) VALUES ('B', 'PAN', 2, '2017-06-01')
INSERT INTO votacion_federal (mesa_id, partido_siglas, votos, fecha) VALUES ('B', 'PRD', 5, '2017-06-01')
INSERT INTO votacion_federal (mesa_id, partido_siglas, votos, fecha) VALUES ('B', 'PT', 0, '2017-06-01')
INSERT INTO votacion_federal (mesa_id, partido_siglas, votos, fecha) VALUES ('B', 'NA', 0, '2017-06-01')
INSERT INTO votacion_federal (mesa_id, partido_siglas, votos, fecha) VALUES ('C', 'PRI', 1, '2017-06-01')
INSERT INTO votacion_federal (mesa_id, partido_siglas, votos, fecha) VALUES ('C', 'PAN', 2, '2017-06-01')
INSERT INTO votacion_federal (mesa_id, partido_siglas, votos, fecha) VALUES ('C', 'PRD', 9, '2017-06-01')
INSERT INTO votacion_federal (mesa_id, partido_siglas, votos, fecha) VALUES ('C', 'PT', 5, '2017-06-01')
INSERT INTO votacion_federal (mesa_id, partido_siglas, votos, fecha) VALUES ('C', 'NA', 3, '2017-06-01')
INSERT INTO votacion_federal (mesa_id, partido_siglas, votos, fecha) VALUES ('D', 'PRI', 2, '2017-06-01')
INSERT INTO votacion_federal (mesa_id, partido_siglas, votos, fecha) VALUES ('D', 'PAN', 10, '2017-06-01')
INSERT INTO votacion_federal (mesa_id, partido_siglas, votos, fecha) VALUES ('D', 'PRD', 5, '2017-06-01')
INSERT INTO votacion_federal (mesa_id, partido_siglas, votos, fecha) VALUES ('D', 'PT', 1, '2017-06-01')
INSERT INTO votacion_federal (mesa_id, partido_siglas, votos, fecha) VALUES ('D', 'NA', 1, '2017-06-01')
INSERT INTO votacion_federal (mesa_id, partido_siglas, votos, fecha) VALUES ('E', 'PRI', 9, '2017-06-01')
INSERT INTO votacion_federal (mesa_id, partido_siglas, votos, fecha) VALUES ('E', 'PAN', 6, '2017-06-01')
INSERT INTO votacion_federal (mesa_id, partido_siglas, votos, fecha) VALUES ('E', 'PRD', 2, '2017-06-01')
INSERT INTO votacion_federal (mesa_id, partido_siglas, votos, fecha) VALUES ('E', 'PT', 2, '2017-06-01')
INSERT INTO votacion_federal (mesa_id, partido_siglas, votos, fecha) VALUES ('E', 'NA', 1, '2017-06-01')


INSERT INTO votacion_federal (mesa_id, partido_siglas, votos, fecha) VALUES ('A', 'PRI', 7, '2018-06-01')
INSERT INTO votacion_federal (mesa_id, partido_siglas, votos, fecha) VALUES ('A', 'PAN', 2, '2018-06-01')
INSERT INTO votacion_federal (mesa_id, partido_siglas, votos, fecha) VALUES ('A', 'PRD', 1, '2018-06-01')
INSERT INTO votacion_federal (mesa_id, partido_siglas, votos, fecha) VALUES ('A', 'PT', 5, '2018-06-01')
INSERT INTO votacion_federal (mesa_id, partido_siglas, votos, fecha) VALUES ('A', 'NA', 5, '2018-06-01')
INSERT INTO votacion_federal (mesa_id, partido_siglas, votos, fecha) VALUES ('B', 'PRI', 2, '2018-06-01')
INSERT INTO votacion_federal (mesa_id, partido_siglas, votos, fecha) VALUES ('B', 'PAN', 5, '2018-06-01')
INSERT INTO votacion_federal (mesa_id, partido_siglas, votos, fecha) VALUES ('B', 'PRD', 4, '2018-06-01')
INSERT INTO votacion_federal (mesa_id, partido_siglas, votos, fecha) VALUES ('B', 'PT', 5, '2018-06-01')
INSERT INTO votacion_federal (mesa_id, partido_siglas, votos, fecha) VALUES ('B', 'NA', 4, '2018-06-01')
INSERT INTO votacion_federal (mesa_id, partido_siglas, votos, fecha) VALUES ('C', 'PRI', 1, '2018-06-01')
INSERT INTO votacion_federal (mesa_id, partido_siglas, votos, fecha) VALUES ('C', 'PAN', 4, '2018-06-01')
INSERT INTO votacion_federal (mesa_id, partido_siglas, votos, fecha) VALUES ('C', 'PRD', 5, '2018-06-01')
INSERT INTO votacion_federal (mesa_id, partido_siglas, votos, fecha) VALUES ('C', 'PT', 6, '2018-06-01')
INSERT INTO votacion_federal (mesa_id, partido_siglas, votos, fecha) VALUES ('C', 'NA', 4, '2018-06-01')
INSERT INTO votacion_federal (mesa_id, partido_siglas, votos, fecha) VALUES ('D', 'PRI', 10, '2018-06-01')
INSERT INTO votacion_federal (mesa_id, partido_siglas, votos, fecha) VALUES ('D', 'PAN', 10, '2018-06-01')
INSERT INTO votacion_federal (mesa_id, partido_siglas, votos, fecha) VALUES ('D', 'PRD', 0, '2018-06-01')
INSERT INTO votacion_federal (mesa_id, partido_siglas, votos, fecha) VALUES ('D', 'PT', 0, '2018-06-01')
INSERT INTO votacion_federal (mesa_id, partido_siglas, votos, fecha) VALUES ('D', 'NA', 0, '2018-06-01')
INSERT INTO votacion_federal (mesa_id, partido_siglas, votos, fecha) VALUES ('E', 'PRI', 9, '2018-06-01')
INSERT INTO votacion_federal (mesa_id, partido_siglas, votos, fecha) VALUES ('E', 'PAN', 1, '2018-06-01')
INSERT INTO votacion_federal (mesa_id, partido_siglas, votos, fecha) VALUES ('E', 'PRD', 1, '2018-06-01')
INSERT INTO votacion_federal (mesa_id, partido_siglas, votos, fecha) VALUES ('E', 'PT', 1, '2018-06-01')
INSERT INTO votacion_federal (mesa_id, partido_siglas, votos, fecha) VALUES ('E', 'NA', 8, '2018-06-01')


INSERT INTO votacion_federal (mesa_id, partido_siglas, votos, fecha) VALUES ('A', 'PRI', 12, '2019-06-01')
INSERT INTO votacion_federal (mesa_id, partido_siglas, votos, fecha) VALUES ('A', 'PAN', 3, '2019-06-01')
INSERT INTO votacion_federal (mesa_id, partido_siglas, votos, fecha) VALUES ('A', 'PRD', 1, '2019-06-01')
INSERT INTO votacion_federal (mesa_id, partido_siglas, votos, fecha) VALUES ('A', 'PT', 3, '2019-06-01')
INSERT INTO votacion_federal (mesa_id, partido_siglas, votos, fecha) VALUES ('A', 'NA', 1, '2019-06-01')
INSERT INTO votacion_federal (mesa_id, partido_siglas, votos, fecha) VALUES ('B', 'PRI', 19, '2019-06-01')
INSERT INTO votacion_federal (mesa_id, partido_siglas, votos, fecha) VALUES ('B', 'PAN', 1, '2019-06-01')
INSERT INTO votacion_federal (mesa_id, partido_siglas, votos, fecha) VALUES ('B', 'PRD', 0, '2019-06-01')
INSERT INTO votacion_federal (mesa_id, partido_siglas, votos, fecha) VALUES ('B', 'PT', 0, '2019-06-01')
INSERT INTO votacion_federal (mesa_id, partido_siglas, votos, fecha) VALUES ('B', 'NA', 0, '2019-06-01')
INSERT INTO votacion_federal (mesa_id, partido_siglas, votos, fecha) VALUES ('C', 'PRI', 1, '2019-06-01')
INSERT INTO votacion_federal (mesa_id, partido_siglas, votos, fecha) VALUES ('C', 'PAN', 9, '2019-06-01')
INSERT INTO votacion_federal (mesa_id, partido_siglas, votos, fecha) VALUES ('C', 'PRD', 0, '2019-06-01')
INSERT INTO votacion_federal (mesa_id, partido_siglas, votos, fecha) VALUES ('C', 'PT', 8, '2019-06-01')
INSERT INTO votacion_federal (mesa_id, partido_siglas, votos, fecha) VALUES ('C', 'NA', 2, '2019-06-01')
INSERT INTO votacion_federal (mesa_id, partido_siglas, votos, fecha) VALUES ('D', 'PRI', 3, '2019-06-01')
INSERT INTO votacion_federal (mesa_id, partido_siglas, votos, fecha) VALUES ('D', 'PAN', 2, '2019-06-01')
INSERT INTO votacion_federal (mesa_id, partido_siglas, votos, fecha) VALUES ('D', 'PRD', 14, '2019-06-01')
INSERT INTO votacion_federal (mesa_id, partido_siglas, votos, fecha) VALUES ('D', 'PT', 1, '2019-06-01')
INSERT INTO votacion_federal (mesa_id, partido_siglas, votos, fecha) VALUES ('D', 'NA', 0, '2019-06-01')
INSERT INTO votacion_federal (mesa_id, partido_siglas, votos, fecha) VALUES ('E', 'PRI', 9, '2019-06-01')
INSERT INTO votacion_federal (mesa_id, partido_siglas, votos, fecha) VALUES ('E', 'PAN', 2, '2019-06-01')
INSERT INTO votacion_federal (mesa_id, partido_siglas, votos, fecha) VALUES ('E', 'PRD', 1, '2019-06-01')
INSERT INTO votacion_federal (mesa_id, partido_siglas, votos, fecha) VALUES ('E', 'PT', 1, '2019-06-01')
INSERT INTO votacion_federal (mesa_id, partido_siglas, votos, fecha) VALUES ('E', 'NA', 7, '2019-06-01')

